Wed Jun 24 02:18:18 +0000 2009	47931653	TFC sells out Real Madrid friendly | Tickets blog: Despite all the carping from fans about the high prices, Toro.. http://bit.ly/2BZKv
Wed Jun 24 02:58:28 +0000 2009	27128068	Para o chato do meu vizinho RONALDO: Fuck you, Fuck you very very much (by @danregularis).
Wed Jun 24 03:00:13 +0000 2009	38872427	Raul Albiol’s Agent Confirms Negotiations Between Valencia &amp; Real Madrid - http://tinyurl.com/m92sho
Wed Jun 24 03:20:33 +0000 2009	50180687	Let me see... The Middle-East is in a full-scale crisis, but we still have a double-page spread about Paris Hilton & Ronaldo's antics?
Wed Jun 24 03:29:29 +0000 2009	14821207	Toronto fans should get a glimpse of Kaka, Ronaldo when Madrid visits – The Canadian Press http://ff.im/-4mg7W
Wed Jun 24 03:41:04 +0000 2009	23250365	:: Tickets left for DC United vs. Madrid Real on August 9th :: Nose-bleeds :: $88.50 each.  RIIIIIIIIIIGHT, CRAIIIIIIIIIIIG!
Wed Jun 24 04:25:05 +0000 2009	1942781	Stores score a winner with Ronaldo's tight shorts(Reuters)
http://bit.ly/TjWVv
Wed Jun 24 04:48:18 +0000 2009	45298798	Liverpool's Javier Mascherano 'thankful' at being linked with Real Madrid and Barcelona.. http://bit.ly/Cfcfb
Wed Jun 24 04:57:00 +0000 2009	48652700	West Ham's Faubert has no Real Madrid regrets - West Ham http://bit.ly/VGG2P
Wed Jun 24 05:34:48 +0000 2009	24150040	Real Madrid forward Gonzalo Higuain will not be seeking a move away from the Bernabeu despite the arrival of big-name players.
Wed Jun 24 06:17:06 +0000 2009	43765031	FIFA: Higuain staying put at Real: 
Real Madrid&#39;s young Argentinian forward Gonzalo Higuain says he wi.. http://bit.ly/19LP8W
Wed Jun 24 07:02:06 +0000 2009	21709554	Ronaldo happy with pressure http://tinyurl.com/njl8r4 (Sky Sports)
Wed Jun 24 07:10:17 +0000 2009	20711658	Sky: Ronaldo happy with pressure: Cristiano Ronaldo is confident he can quickly adapt to life at Real Madrid.. http://tinyurl.com/kjlme6
Wed Jun 24 07:41:52 +0000 2009	28835211	Del Bosque criticizes Real Madrid over signings – USA Today ... http://bit.ly/12yC0z
Wed Jun 24 08:04:54 +0000 2009	22101064	Real Madrid in talks for Valencia defender Albiol http://tinyurl.com/nnfves
Wed Jun 24 08:17:39 +0000 2009	15629559	Real Madrid in talks for Valencia defender Albiol: Valencia defender Raul Albiol is in the sights of Real Madrid.. http://tinyurl.com/nnfves
Wed Jun 24 08:22:06 +0000 2009	19445991	It was so obvious that Ronaldo would follow Kaka to Real Madrid. After a great brazilian you always get an irritating c**t.
Wed Jun 24 08:31:26 +0000 2009	34959630	ronaldo is a twat!!
Wed Jun 24 08:54:47 +0000 2009	43765031	SoccerNet: United to bid &#38;euro;60m for Argentina star Aguero?: Manchester United have been linked .. http://bit.ly/hQgJ8
Wed Jun 24 08:58:15 +0000 2009	45930384	Ronaldo 'too sissy' for Hilton - Ireland Online http://bit.ly/UJ827
Wed Jun 24 09:00:14 +0000 2009	41602830	Real Madrid&#39;s Iker Casillas: I Am Not Anti-Barcelona | Blog Viva ... - http://bit.ly/8rDn3
Wed Jun 24 09:00:58 +0000 2009	16389092	Liverpool: Real deal for Xabi: Real Madrid are ready to test Rafa Benitez's determination to keep hold of Xabi A.. http://tinyurl.com/mtm7mw
Wed Jun 24 09:01:50 +0000 2009	38872427	Iker Casillas: I Want To Stay With Real Madrid For Life - http://tinyurl.com/ms2bfo
Wed Jun 24 09:02:05 +0000 2009	47421668	drop ur comments =] I need time to settle at Real Madrid claims Cristiano Ronaldo: Cristiano .. http://u.mavrev.com/dpva
Wed Jun 24 09:37:02 +0000 2009	45197481	is back from spain!!!! got a lovely brown partly ronaldo tan but now needs to watch wimbledon and catch up on TV!!!!! coach trip here i come
Wed Jun 24 09:52:54 +0000 2009	24767603	[Givemefootball] Casillas staying with Madrid: Real Madrid goalkeeper Iker Casillas has heard no.. http://bit.ly/Dg1aR
Wed Jun 24 10:00:12 +0000 2009	17572822	Cristiano Ronaldo feeling Real Madrid pressure http://tinyurl.com/mbep3r
Wed Jun 24 10:02:09 +0000 2009	46969723	Real Madrid want the double swoop of Alvaro Arbeloa and Xabi Alonso (Daily Mail)
Wed Jun 24 10:02:57 +0000 2009	41602830	Casillas: Real Madrid Until I Die… So I Won&#39;t Join United - http://bit.ly/hhbuv
Wed Jun 24 10:05:03 +0000 2009	25272785	Rafael Benitez seeks to recoup cash after Glen Johnson deal by selling Alvaro Arbeloa to Real Madrid: Liverpool.. http://tinyurl.com/ld9u5o
Wed Jun 24 10:09:18 +0000 2009	46969083	Cristiano Ronaldo vs Albania Close Ups 6 June 2009 WC Qualifying http://bit.ly/Njmg6
Wed Jun 24 11:09:03 +0000 2009	25272785	Rafael Benitez seeks to recoup cash from Glen Johnson by selling Alvaro Arbeloa to Real Madrid: Liverpool FC latest http://tinyurl.com/l ...
Wed Jun 24 11:24:26 +0000 2009	38706276	@illum_sphere acid? sleeping bag/ronaldo? take you pick WHY??????x
Wed Jun 24 11:45:12 +0000 2009	49072889	Ronaldo happy with pressure - Skysports.com http://bit.ly/kPloM
Wed Jun 24 11:51:05 +0000 2009	45589934	#manchesterunited Ronaldo: I won't crack under the pressure of being Real's £80m man: Image: ht.. http://tinyurl.com/kjt9vq
Wed Jun 24 12:49:32 +0000 2009	40266514	#Telegraph_Sport: Real Madrid enter race for Karim Benzema. Real Madrid turn attentions to Lyon striker Karim Benzem... http://is.gd/1bS3J
Wed Jun 24 13:05:36 +0000 2009	19154864	@ibeenz @raushan_p or anyone else. I am gonna keep tickets at $350 per seat, but prices are going up b/c Kaka/Ronaldo are guaranteed..holla!
Wed Jun 24 13:12:21 +0000 2009	23075315	Ribery favours Real move - Agent: Franck Ribery's agent believes the Bayern Munich man would choose Real Madrid .. http://tinyurl.com/mrb2w8
Wed Jun 24 13:34:01 +0000 2009	15306486	Sky Sports: Ribery prefers Real option: Frank Ribery would prefer a move to Real Madrid rather than B.. http://bit.ly/X2T4c
Wed Jun 24 13:59:13 +0000 2009	24767603	[Football Spy] Real Madrid would be my favoured destination - Franck Ribery: Franck Ribery's agent.. http://bit.ly/Oyu1l
Wed Jun 24 14:08:53 +0000 2009	20689749	Franck favours the Real deal
: 
FRANCK RIBERY would rather play for Real Madrid than Barcelona http://tinyurl.com/kurdnl
Wed Jun 24 14:12:28 +0000 2009	37939532	uhhuhuh....so sad reading buLetin posted by Cristiano Ronaldo...
my god...it makes me cry....love you Ron..;'((
Wed Jun 24 14:29:16 +0000 2009	26472146	MU-mad - McClair Backs Decision To Sell Ronaldo: If he doesn't want to stay then he has to go http://tinyurl.com/mc9w6l
Wed Jun 24 14:37:29 +0000 2009	40266514	#Football365: Ribery Favours Madrid - Agent. Franck Ribery's agent says the Bayern midfielder wants to play for Real... http://is.gd/1bYe7
Wed Jun 24 14:59:45 +0000 2009	42912464	Hilton rants about Ronaldo rumours: PARIS HILTON has lashed out at the media for a string of stories linking her.. http://bit.ly/11Egsx
Wed Jun 24 15:46:16 +0000 2009	17208738	Paris and Ronaldo – it's getting REALLY bitchy http://www.heatworld.com/Article/11096 #ParisHilton
Wed Jun 24 15:52:22 +0000 2009	22377831	Higuaín wants to stay at Real Madrid: Gonzalo Higuaín has vowed to stay with Real Madrid and fight to break into.. http://tinyurl.com/kp9gck
Wed Jun 24 16:05:50 +0000 2009	15517108	At vip box in real madrids stadium. V glam.
Wed Jun 24 16:28:36 +0000 2009	33301059	RT @fungossip Cristiano Ronaldo?s Ex Says Paris Hilton is One of Many Girls Ronaldo Has Bedded #gossip http://bit.ly/1eB0N
Wed Jun 24 16:52:10 +0000 2009	20448922	RT @SoccerNewsFlash: Real Madrid Reach Agreement Raul Albiol - Reports: Defender is set to become Madrid's third signi.. http://bit.ly/gkOvG
Wed Jun 24 17:10:28 +0000 2009	15645199	Football News : Cristiano Ronaldo transfer: Manchester United were right to sell Cristiano Ronald.. http://tinyurl.com/kpa8hm
Wed Jun 24 17:26:46 +0000 2009	24447626	Real Madrid, o time mais heartbreaker do universo
Wed Jun 24 17:38:31 +0000 2009	48525026	After meeting in a chat room and dealing with family, 2 very different 16 year olds meet - Are u 4 Real by Kadefors. http://tiny.cc/W7BVa
Wed Jun 24 17:39:42 +0000 2009	16708025	Well done manchester! An event with no rain!  http://twitpic.com/8alta
Wed Jun 24 17:40:04 +0000 2009	26549850	Hot Price for 09 10 Real Madrid Home Shirt at Subside Sports http://www.dealstream.co.uk/go/t/b9d8
Wed Jun 24 17:50:16 +0000 2009	20817173	Report: Real Madrid moves for Valencia's Albiol - http://rsspberry.com/view/98931/
Wed Jun 24 18:44:06 +0000 2009	15793693	@Real_Ron_Artest Ronaldo Artesto sounds like a bad 80's band! WTF! LOL! You'd have to grow out the fro tho....
Wed Jun 24 18:52:22 +0000 2009	34205188	Zlatan Ibrahimovic: "I will not move to Barcelona or Real Madrid. I'm focussing on my future with Inter Milan right now."
Wed Jun 24 18:58:01 +0000 2009	39313697	Ribery favours Real Madrid move, says agent
Wed Jun 24 18:58:48 +0000 2009	39313697	Ribery would prefer to play for Real Madrid ahead of Barcelona
Wed Jun 24 19:11:38 +0000 2009	17483104	Messi tops Ronaldo as world football star | Football Parade!: MADRID - Cristiano Ronaldo may be the world&#39;s .. http://tinyurl.com/mgrttb
Wed Jun 24 19:25:38 +0000 2009	15949379	nearly done packing for a 3 day break in Manchester, just waiting for dryer to finish last 2 shirts
Wed Jun 24 20:02:48 +0000 2009	49647570	Jozy altidore has a more comical dive than christiano Ronaldo
Wed Jun 24 20:04:52 +0000 2009	24767603	[ITV] McClair backs sale of Ronaldo: Brian McClair has backed Manchester United's decision to sell Cristian.. http://bit.ly/hJtWD
Wed Jun 24 20:26:33 +0000 2009	26975141	@MrsStephenFry its ok, I dont understand the off side rule! Althought Ronaldo does remind me of my brother, I wonder if we are related!
Wed Jun 24 20:36:47 +0000 2009	36247261	So wats da real deal with transformers? some said it's wack while others say it's the best damn movie of the year.......
Wed Jun 24 21:02:18 +0000 2009	14665907	@Stefanyco I cant wait to see Milans Ronaldinho and Corinthians Ronaldo! Thats my team Corinthians!
Wed Jun 24 21:42:36 +0000 2009	46947330	US upsets Spain, leads PTI. Soccer won't top ESPN show again til World Cup or Madonna sleeps w that wally C Ronaldo. #usmnt #spain #ussoccer
Wed Jun 24 21:54:14 +0000 2009	20158937	yet Ronaldo has retired from international football. Brazil to win the Confederations cup!!!
Wed Jun 24 22:18:24 +0000 2009	33913298	Messi tops Ronaldo as world star - study http://ff.im/-4oufw
Wed Jun 24 22:52:56 +0000 2009	27155372	Why anyone would give two shits about Cristiano Ronaldo when Fernando Torres is in the world, makes no sense.
Wed Jun 24 23:33:08 +0000 2009	41602830	Duniyalive.com » Paris Hilton ditched Cristiano Ronaldo because ... - http://bit.ly/162VqN
Wed Jun 24 23:55:36 +0000 2009	38132190	Paris: Ronaldo's a sissy http://tinyurl.com/nfofeb
Thu Jun 25 00:08:06 +0000 2009	16170042	Ronaldo Fraga, Mickey Mouse e todas as cores de Frida Kahlo - Rolling Stone Brasil http://migre.me/2MST
Thu Jun 25 00:35:48 +0000 2009	15979391	Ronaldo too girly for Paris Hilton - Brisbane Times http://bit.ly/uI6xP
Thu Jun 25 01:18:22 +0000 2009	18503003	Mirror - Real Madrid to battle it out with Manchester United for Karim Benzema http://tinyurl.com/mm7fqa
Thu Jun 25 01:58:29 +0000 2009	41602830	Paris Hilton dumped Cristiano Ronaldo for being a &quot;sissy ... - http://bit.ly/aA7UU
Thu Jun 25 02:03:09 +0000 2009	16834659	Ribery favours Real Madrid: Franck Ribery's agent believes the Bayern Munich midfielder would choose Real Madrid.. http://tinyurl.com/lk2csj
Thu Jun 25 02:23:48 +0000 2009	16942741	Britney Spears has done it yet again! Greeting the fans, 'What's up London?' in a Manchester gig.
Thu Jun 25 02:28:37 +0000 2009	14821207	Hilton Rants About Ronaldo Rumors – San Francisco Chronicle http://ff.im/-4oVuI
Thu Jun 25 02:35:05 +0000 2009	47267185	Real World Cancun: After 22 years, mtv&#39;s &#39;Real World&#39; is still the real deal as... (http://cli.gs/JR4ts)
Thu Jun 25 02:55:17 +0000 2009	32260279	its like all my heros are slowly disapointing me first ronaldo, now spain =/ ugh i need to have a talk with these guys!
Thu Jun 25 03:25:16 +0000 2009	16988522	For the guy who wanted good news - Cristiano Ronaldo "too sissy and girly" says Paris Hilton http://ow.ly/fNhH
Thu Jun 25 03:27:41 +0000 2009	32259141	Paris Hilton: Cristiano Ronaldo Is Too &#39;Sissy&#39; For Me: Goal.com After partying with Cristiano Ronaldo fo.. http://bit.ly/ayV8G
Thu Jun 25 03:49:35 +0000 2009	20603443	Blown away by the US victory over Spain. Now I can't wait for Real Madrid vs. DC United!
Thu Jun 25 04:29:21 +0000 2009	16170257	Real Madrid claim Villa deal is "100%" dead.  http://viigo.im/01kv
Thu Jun 25 05:56:51 +0000 2009	14955055	who the fuck thinks ronaldo is worth 80 Mil?
Thu Jun 25 07:35:40 +0000 2009	24150040	Lyon Denies €40m Negotiations With Real Madrid For Karim Benzema
Thu Jun 25 07:41:46 +0000 2009	41602830	SPANISH FOOTBALL &amp; SPORTS: REAL MADRID: KARIM BENZEMA PLAN B - http://bit.ly/6gVE7
Thu Jun 25 07:54:52 +0000 2009	38872427	Arsenal Captain Cesc Fabregas Drops Real Madrid Hint - http://tinyurl.com/mpflzy
Thu Jun 25 08:08:41 +0000 2009	48140529	Football transfer rumours: Cesc Fáegas and Karim Benzema to Real Madrid? - guardian.co.uk http://bit.ly/wLSNO
Thu Jun 25 08:14:04 +0000 2009	39717732	Lunacy, part 2: Real Madrid will reportedly insert a buy-out clause of £1bn in Ronaldo's contract when he completes his move from ManYoo.
Thu Jun 25 08:41:26 +0000 2009	48438068	Liverpool's Alvaro Arbeloa set to join Real Madrid - Telegraph http://bit.ly/3AQMTI
Thu Jun 25 08:45:44 +0000 2009	17269936	Barcelona&#39;s Lionel Messi Overtakes &#39;Overpriced&#39; Cristiano Ronaldo ... http://bit.ly/2zpLI
Thu Jun 25 08:49:07 +0000 2009	15205657	Telegraph: Wigan's Antonio Valencia to choose between Manchester United and Real Madrid: Manchester Un.. http://tinyurl.com/m82kxz
Thu Jun 25 08:52:02 +0000 2009	41602830	Arsenal FC Blog | New Arsenal kit released today   Real Madrid ... - http://bit.ly/EW1dm
Thu Jun 25 09:22:18 +0000 2009	18503003	Telegraph - Liverpool's Alvaro Arbeloa set to join Real Madrid http://twurl.nl/hs4hpd
Thu Jun 25 09:39:28 +0000 2009	29769321	Arbeloa tempted by Real Madrid's "great project" http://twurl.nl/3ovgw4
Thu Jun 25 09:46:55 +0000 2009	23765252	post* Cristiano Ronaldo-Messi: Greatest Rivalry for Years to Come: The rivalry between Barcelona and Real M.. http://twurl.nl/vwspl8
Thu Jun 25 09:53:51 +0000 2009	50590257	Reply to Man UTD News Update: if i was C Ronaldo i wud stay with man utd even if real madrid paid me more AVFC 4 LIFE
Thu Jun 25 10:05:23 +0000 2009	23075315	Real make first move for Benzema: Lyon have confirmed receiving an enquiry from Real Madrid regarding the availa.. http://tinyurl.com/nzae9s
Thu Jun 25 10:41:03 +0000 2009	19760050	erickzapanta says: DILG Secretary Ronaldo "Ronnie" V.Puno announcing his candidacy as Vice President in a tele... http://i.sitesays.com/2xrq
Thu Jun 25 10:43:20 +0000 2009	41453210	Ronaldo too &#39;sissy&#39; for Paris: Straits Times NEW YORK - AMERICAN celebrity socialite Paris Hilton has re.. http://u.mavrev.com/e2ac
Thu Jun 25 10:47:22 +0000 2009	13807132	@SteveHealy well if Real Madrid can play 'Rovers' in Tallaght...
Thu Jun 25 10:49:08 +0000 2009	25272785	Real Madrid to intensify bid for Liverpool's Xabi http://tinyurl.com/nb4avn
Thu Jun 25 10:52:26 +0000 2009	28217393	#analysis #opinion Real Madrid agree to sign defender Albiol from Valencia: Real Madrid have a.. http://tinyurl.com/ldnne8
Thu Jun 25 10:52:39 +0000 2009	16343974	Wigan's Antonio Valencia to choose between Manchester United and Real Madrid: Manchester United or Real Madrid? .. http://tinyurl.com/m82kxz
Thu Jun 25 11:26:11 +0000 2009	50043528	Real Madrid sign Raul Albiol and step up Karim Benzema chase. Real Madrid contin... http://bit.ly/5QC9o
Thu Jun 25 11:37:41 +0000 2009	42403486	#OleOle: OFFICIAL: Real Madrid Sign Raul Albiol From Valencia CF.  
  Real Madrid has officially announced through i... http://is.gd/1cYIt
Thu Jun 25 11:47:29 +0000 2009	19224128	Real Madrid to battle it out with Man U for Lyon's ace Benzema ( http://bit.ly/rokx0 )
Thu Jun 25 11:58:45 +0000 2009	44646178	Alvaro Arbeloa set to join Real Madrid http://tr.im/pHVV
Thu Jun 25 12:00:09 +0000 2009	16343974	Real Madrid sign Raul Albiol and step up Karim Benzema chase: Real Madrid continue spending spree with capture o.. http://tinyurl.com/lmjmnr
Thu Jun 25 12:04:38 +0000 2009	44078328	Cristiano Ronaldo may have bedded 80,000 girls, claims ex!
http://bit.ly/T8F3m
Thu Jun 25 12:25:40 +0000 2009	40266514	#ESPN: Arbeloa tempted by Real Madrid's &quot;great project&quot;. Liverpool defender Alvaro Arbeloa is keen on join... http://is.gd/1d1zr
Thu Jun 25 12:43:03 +0000 2009	19760050	ronniepuno says: DILG Secretary Ronaldo "Ronnie" V.Puno announcing his candidacy as Vice President. Video from... http://i.sitesays.com/2xvl
Thu Jun 25 13:06:32 +0000 2009	35744338	Real Madrid sign Raul Albiol and step up Karim Benzema chase
Thu Jun 25 13:10:49 +0000 2009	16735476	Real spending spree snares Valencia’s Albiol: MADRID, June 25 — Real Madrid have agreed to sign defender Raul Al.. http://tinyurl.com/mjfqjy
Thu Jun 25 13:18:41 +0000 2009	35744338	Man Utd's academy director Brian McClair says that Cristiano Ronaldo's £80m transfer to Real Madrid was 'good business'.
Thu Jun 25 13:19:51 +0000 2009	35744338	David Villa wants a move to Barcelona after being left unimpressed by Real Madrid 's efforts to sign him.
Thu Jun 25 13:21:07 +0000 2009	41602830	Arsenal Captain Wishes For Ronaldo&#39;s “Problem” - http://bit.ly/g4ySD
Thu Jun 25 13:39:29 +0000 2009	29404161	ok by the way, Raul Albiol becomes the 3rd player to sign for real madrid..!! i am happy as he is the best defender in spain right now..!
Thu Jun 25 13:58:47 +0000 2009	10499672	Manure have got rid of Ronaldo and Tevez & their new shirt sports a massive arrow pointing downwards. signs to come. http://yfrog.com/5pg5sj
Thu Jun 25 14:13:35 +0000 2009	40266514	#FourFourTwo: Ronaldo too sissy for Paris. Madrid bound winger may be Perez's flavour of the month but he certainly ... http://is.gd/1d6Rh
Thu Jun 25 14:25:05 +0000 2009	20234341	When people call young players the 'new Ronaldo', which one do they mean?
Thu Jun 25 14:59:21 +0000 2009	39571673	Raul Albiol to Real Madrid: When you think about Valencia, three players come to your mind. Two Davids, and Raul.. http://tinyurl.com/lrua3b
Thu Jun 25 15:10:02 +0000 2009	49639192	Real join race for Benzema
LYON have confirmed Real Madrid have made enquiries about United target Karim Benzema but ins http://url4.eu/1lPW
Thu Jun 25 15:20:01 +0000 2009	19089519	@tallpauld I know. Real get Kaka, Ronaldo and maybe Ribery and all we've got is a greedy kid from man City. Champs League Winners by 2020?
Thu Jun 25 15:25:37 +0000 2009	40266514	#FourFourTwo: Real Madrid enter race for Benzema. Spanish spending machine set to challenge United for Lyon talisman... http://is.gd/1daxP
Thu Jun 25 15:34:09 +0000 2009	45840465	hi ja rule you are the best singer in the world you and miely cyrus and thanks ronaldo for follwing me
Thu Jun 25 15:42:08 +0000 2009	15666171	soccer is going nuts this week. Farewell setanta uk. Hello cristiano ronaldo on espn2, bye bye champions league in high definition.
Thu Jun 25 15:51:36 +0000 2009	50681416	Why did Cristiano Ronaldo leave Manchester united?
Thu Jun 25 15:57:09 +0000 2009	21848428	"Cristiano said he's leaving Man U cos he had nothing else to win. For me right now, it is the exact opposite - seeing the impotence" - Cesc
Thu Jun 25 16:08:50 +0000 2009	12374432	Done the world's least spectacular radio show, now into manchester for the radio Academy thing :)
Thu Jun 25 16:28:36 +0000 2009	29840206	@dannymcfly you said you're a Messi fan, what about RONALDO danny? *-*
Thu Jun 25 16:34:41 +0000 2009	15724642	Reading: "Fàbregas would not rule out Real Madrid move" ( http://bit.ly/18IDNR )
Thu Jun 25 16:56:45 +0000 2009	50678778	demi,was g.i. the real deal,son joining next year,loves your movie,inspired him!
Thu Jun 25 17:34:33 +0000 2009	21066445	New columnist, new post: Real Madrid's finances under microscope http://bit.ly/1aUub0
Thu Jun 25 17:40:53 +0000 2009	41602830	Raul Albiol To Real Madrid | TheOriginalWinger.com - http://bit.ly/N5CUm
Thu Jun 25 18:12:28 +0000 2009	49603881	After 22 years, MTV&#39;s &#39;Real World&#39; is still the real deal as ... http://bit.ly/pp8PM
Thu Jun 25 18:25:24 +0000 2009	46380192	Real Madrid bought Raul Albiol for what's estimated of 15 mil euros.
Thu Jun 25 19:01:33 +0000 2009	17269936	Barcelona&#39;s Lionel Messi Overtakes &#39;Overpriced&#39; Cristiano Ronaldo ... http://bit.ly/19bBjt
Thu Jun 25 19:17:23 +0000 2009	29809746	Cristiano Ronaldo is hot but he seems like a sleazy guy! Like he has a bunch of STD's or something lol im random
Thu Jun 25 19:44:53 +0000 2009	14492905	Agent - City interest in Maicon: Maicon's agent claims Man City and Real Madrid are now showing an interest in t.. http://digg.com/u16gIm
Thu Jun 25 21:00:46 +0000 2009	49908689	Wondering if Paris fucked Ronaldo.
Thu Jun 25 21:30:49 +0000 2009	19814596	Agent - City interest in Maicon - Maicon's agent claims Man City and Real Madrid are now showing an interest in the... http://ow.ly/15G92G
Thu Jun 25 22:40:05 +0000 2009	34342453	Star Quotes: I can't choose just one! Real Madrid only has great... - http://bit.ly/UyU28
Thu Jun 25 23:15:02 +0000 2009	41453210	Paris Hilton lets loose on Twitter over Ronaldo: Metro Paris Hilton has lost her cool on Twitter over rumours th.. http://u.mavrev.com/e8g9
Thu Jun 25 23:46:28 +0000 2009	20143098	why can't people spread a rumour that Christiano Ronaldo is dead - brighten up everyone's day
Thu Jun 25 23:52:09 +0000 2009	25108399	Photo: Real Madrid has finally acquired their target Valencia FC man!! Unfortunately it’s not David Villa,... http://tumblr.com/xw725kbi9
Fri Jun 26 01:38:00 +0000 2009	23120793	There's more here. Why get that upset over a 20 year old story? What's the real deal Caroline???  #rhnj
Fri Jun 26 02:58:49 +0000 2009	24920619	@LiveArtliFe i know right? it's crazy. been growin out relaxer for over a year... who knew what the real deal was?!
Fri Jun 26 03:12:44 +0000 2009	50672479	Making final cov. edits to Ronaldo Wilson's Poems of the Black Object
Fri Jun 26 03:23:07 +0000 2009	41602830	Real Madrid - Ultimatecarpage.com forums - http://bit.ly/Zf6Aa
Fri Jun 26 03:24:28 +0000 2009	47036963	@OGOchoCinco Real Madrid or Barcelona?
Fri Jun 26 03:59:46 +0000 2009	17732505	Crazy max is like Real Madrid football club, egomaniac and is doing no good to the sport :)
Fri Jun 26 07:22:24 +0000 2009	11196302	@nerdwriter Mmm. C. Ronaldo, petulant and arrogant. I don't like him much, either.
Fri Jun 26 07:29:32 +0000 2009	31375997	Valdano confirms interest in Benzema: Real Madrid sporting director Jorge Valdano has said the club are pursuing Lyon striker Karim Benzema.
Fri Jun 26 07:34:12 +0000 2009	49102254	Lyon chief: Real Madrid have asked after Benzema http://bit.ly/3m8Xs
Fri Jun 26 07:34:15 +0000 2009	22101064	Agent confirms Benfica talks for Real Madrid striker Saviola http://tinyurl.com/n44mls
Fri Jun 26 07:49:34 +0000 2009	41602830	Paris Hilton hits back at media over Ronaldo rumours - http://bit.ly/UiW37
Fri Jun 26 10:33:01 +0000 2009	50436262	: &lt;b&gt;Paris Hilton&lt;/b&gt; lets loose on Twitter over Ronaldo http://paris-hilton.host56.com/?p=18
Fri Jun 26 11:11:25 +0000 2009	48699057	Paris Hilton Calls Ronaldo a “Sissy” http://bit.ly/x801C
Fri Jun 26 11:12:05 +0000 2009	41354252	get Real Madrid at http://www.nway.org
Fri Jun 26 11:13:55 +0000 2009	41602830	Real Madrid news» Latest News » Raul Albiol heads to Real, Benzema ... - http://bit.ly/wHR7v
Fri Jun 26 12:49:36 +0000 2009	40437845	Who are t
A) Barcelona
B) Real Madrid
C) Inter Milan
D) AC Milan
E) Arsenal
F) Liverpool
G) Aston Villa
H) Tottenham
I) West Ham
J) Everton
Fri Jun 26 12:49:55 +0000 2009	44316192	Fiorentina are close to acquiring Holland wing-back Royston Drenthe on loan from Real Madrid. http://bit.ly/180Gzx
Fri Jun 26 12:50:47 +0000 2009	14779550	looking forward to Real Madrid's unveiling of Cristiano and Kaká!
Fri Jun 26 13:13:55 +0000 2009	40266514	#Goal.com: Spanish Inquisition: The Central Issue Of Real Madrid's Defence.   Goal.com's Cyrus C. Malek analyses a p... http://is.gd/1ejJz
Fri Jun 26 13:50:50 +0000 2009	51063117	real madrid is the best team in the world
Fri Jun 26 14:08:12 +0000 2009	25529379	transfer market is so boring so far. Real Madrid is the only club where big things are happening. Come on Fergie...
Fri Jun 26 14:12:54 +0000 2009	38872427	I Want To Break Records At Real Madrid &#8211; Gonzalo Higuain - http://tinyurl.com/l3uhjc
Fri Jun 26 14:28:03 +0000 2009	51034631	Nereida Gallardo Is Cristiano Ronaldo s Sexy Girlfriend http://bit.ly/1aDBIo
Fri Jun 26 14:41:04 +0000 2009	41929439	[@weltonlineDE]Karl-Heinz Rummenigge: &quot;Il n&#39;y a pas d&#39;offre du Real Madrid pour Ribery&quot; http://bit.ly/lWst7
Fri Jun 26 14:47:09 +0000 2009	49364710	Ronaldo. Love it!! http://yfrog.com/12p3amj
Fri Jun 26 16:47:02 +0000 2009	30950702	Ronaldo glitters very much in the corinthians (?)
Fri Jun 26 17:05:03 +0000 2009	25272785	Alonso certain to join Real Madrid! http://tinyurl.com/lwupm4
Fri Jun 26 17:47:33 +0000 2009	51013435	@BellaDori Hello! well, in that way I can improve my english skills, you should do the same. Bueno va, t hablo tb en cristiano jeje )))
Fri Jun 26 18:32:07 +0000 2009	48864729	OFFICIAL: Benfica Sign Real Madrid's Javier Saviola: The Argentine is going to Portugal after an unproductive sp.. http://bit.ly/7zzLM
Fri Jun 26 18:34:02 +0000 2009	46432499	@Special1TV Hello Jose, What is a bigger loss, Michal Jackson's gig or the Ronaldo one, that British people won't get to see anymore?
Fri Jun 26 18:40:31 +0000 2009	19773100	RT @inagaki: RT @pedrovisky: #forasarney is the new #RONALDO!
Fri Jun 26 19:43:58 +0000 2009	14464047	@CristanoRonaldo I'm a die hard Real Madrid fan but I just dont see them winning a title with Castillas stil as their goalie
Fri Jun 26 19:49:39 +0000 2009	23828372	cristiano ronaldo's contract is 6 years long at madrid
Fri Jun 26 19:51:47 +0000 2009	14342072	Der Ronaldo-Deal ist fix http://is.gd/1eM0f
Fri Jun 26 19:54:05 +0000 2009	29128238	I just met Manuel Pellegrini, the new Real Madrid's coach!!!!
Fri Jun 26 20:02:16 +0000 2009	23921787	#rip ronaldo. Hope real treats you nice.
Fri Jun 26 20:04:59 +0000 2009	14695992	OleOle Latest: OFFICIAL: Real Madrid Sign Cristiano Ronaldo from Manchester United http://bit.ly/5hjjx
Fri Jun 26 20:05:02 +0000 2009	818125	Is ronaldo really worth 80M £?
Fri Jun 26 20:06:27 +0000 2009	20786091	Ronaldo deal sealed www.apnafootball.com
Fri Jun 26 20:10:07 +0000 2009	22147152	It's official Christiano Ronaldo is going to play for Real Madrid.
Fri Jun 26 20:28:06 +0000 2009	14872237	realmadrid.com will webcast live the presentation of Kaká and Cristiano Ronaldo. Stay tuned
Fri Jun 26 20:29:33 +0000 2009	47778626	Football.co.uk: Ronaldo deal sealed: Real Madrid and Manchester United have finalised an agreemen.. http://bit.ly/3nDrTz
Fri Jun 26 20:33:32 +0000 2009	47730947	Skysports.com: Ronaldo deal 'all but done': Manchester United star Cristiano Ronaldo is on the ver.. http://bit.ly/VVcWX
Fri Jun 26 20:35:12 +0000 2009	19918017	Ronaldo deal 'all but done': Manchester United star Cristiano Ronaldo is on the verge of completing his £80million switc http://url4.eu/214c
Fri Jun 26 20:35:34 +0000 2009	47730947	Telegraph: Cristiano Ronaldo completes £80m move from Manchester United to Real Madrid: Real Madrid an.. http://bit.ly/hQGc7
Fri Jun 26 20:38:20 +0000 2009	42828250	[M&C] Real Madrid sell unwanted Saviola to Benfica : Madrid - Portugese giants Benfica announced late Frida.. http://bit.ly/MVYfv
Fri Jun 26 20:55:05 +0000 2009	37850701	Can't believe Ronaldo is switching teams! Now I have to get rid of my Man U jersey! Grr.
Fri Jun 26 20:56:22 +0000 2009	26555800	Ronaldo agrees to a  six-year deal with Real. RT @ BreakingNewz: http://is.gd/1eQFd
Fri Jun 26 21:02:32 +0000 2009	35304322	Ronaldo deal 'all but done' http://tinyurl.com/l7osoe
Fri Jun 26 21:18:33 +0000 2009	21140259	@PTIShow hey what about the new deal with Christiano Ronaldo he just signed a 6 year deal for 80 million euro  http://bit.ly/WgCEI
Fri Jun 26 21:18:42 +0000 2009	14945197	Angelina Ballerina Ronaldo is gone. Can't say I'm unhappy about this.
Fri Jun 26 21:23:57 +0000 2009	19346866	Ronaldo agrees to a 6yr Real deal - will complete his world record £80m move from Man Utd... Lame!  http://tinyurl.com/lfz2uw
Fri Jun 26 21:34:42 +0000 2009	17142109	[bbc] Ronaldo agrees six-year Real deal: Cristiano Ronaldo is set to complete his record move from Manchest.. http://tinyurl.com/lfz2uw
Fri Jun 26 21:37:04 +0000 2009	8973092	Ronaldo completes record Madrid move: Manchester United winger Cristiano Ronaldo has completed his £80 world rec.. http://short.ie/5e3rre
Fri Jun 26 21:37:43 +0000 2009	40266514	#Goal.com: OFFICIAL: Cristiano Ronaldo Signs Six-Year Deal At Real Madrid.   The deal is done and dusted according t... http://is.gd/1eUsG
Fri Jun 26 21:40:18 +0000 2009	6795642	IT: Ronaldo completes record Real move: Soccer:Real Madrid and Manchester United have finalised an agreement .. http://tinyurl.com/l2gyc2
Fri Jun 26 21:43:20 +0000 2009	26472146	Sky Sports - Ronaldo deal 'all but done': Manchester United star Cristiano Ronaldo is on the verge o.. http://tinyurl.com/mnyc9j
Fri Jun 26 21:49:49 +0000 2009	40266514	#The_Guardian: Ronaldo seals deal with Real Madrid.     • Real and Manchester United sign a 'final agreement' • ... http://is.gd/1eVq4
Fri Jun 26 22:01:40 +0000 2009	40266514	#Sky_Sports: Saviola set for Benfica switch. Real Madrid have reached an agreement that will see Javier Saviola join... http://is.gd/1eVqb
Fri Jun 26 22:12:38 +0000 2009	24767603	[Teamtalk] Ronaldo agrees six-year Real deal: Cristiano Ronaldo has signed a six-year contract with Re.. http://bit.ly/1BspXK
Fri Jun 26 22:12:57 +0000 2009	16049514	@jonathanvictory Kaka and Ronaldo with Iker Casillas! Damn, need a good defender there too. Need to get my La Liga game up again. Excited
Fri Jun 26 22:26:55 +0000 2009	44316192	Real Madrid have reached an agreement for the transfer of striker Javier Saviola to Benfica, the Primera Divisio.. http://bit.ly/8NKlG
Fri Jun 26 22:32:25 +0000 2009	6652032	Football - Transfert - Real Madrid: Cristiano Ronaldo signe pour six ans
Fri Jun 26 22:37:43 +0000 2009	40266514	#ESPN: Ronaldo move to Madrid signed and sealed. Real Madrid and Manchester United have finalised an agreement for t... http://is.gd/1eZKc
Fri Jun 26 22:38:10 +0000 2009	26472146	Daily Mail - It's a done deal: Ronaldo signs six-year contract at Real Madrid and will be unveiled o.. http://tinyurl.com/rde4yr
Fri Jun 26 22:47:10 +0000 2009	15313097	Ahhhh no more Ronaldo mincing around the fields in England! Leaving EPL, going to Spain. I admit, he has skill but urrghhh i hate that guy!
Fri Jun 26 22:48:18 +0000 2009	16557902	From the Guardian: Manchester United's Cristiano Ronaldo seals six-year deal with Real Madrid http://bit.ly/ecmSy
Fri Jun 26 23:16:25 +0000 2009	37851493	Thinks she'd even take up dreaded sports (football) if meant being paid 11M per yer (like Ronaldo).
Fri Jun 26 23:22:24 +0000 2009	31375997	Ronaldo's Real deal sealed: The Ronaldo transfer saga finally looks to be over, with Real Madrid and Manchester United finalising the rec..
Fri Jun 26 23:23:42 +0000 2009	27065098	Ronaldo completes record transfer to Real Madrid: 
				MADRID: Manchester United winger Cristiano Ronaldo compl.. http://bit.ly/YqvXP
Fri Jun 26 23:29:42 +0000 2009	46448512	Manchester done, now to northampton!
Fri Jun 26 23:30:14 +0000 2009	24767603	[ITV] Cristiano Ronaldo factfile: 1985: Born February 5 in Funchal on the Portuguese island of Madeira. http://bit.ly/aZAje
Fri Jun 26 23:34:52 +0000 2009	50806972	SoccerInStyle Blog Post: Fàbregas possibly consider Real Madrid move http://bit.ly/1906Cz
Fri Jun 26 23:37:43 +0000 2009	40266514	#Bleacher_Report: Cristiano Ronaldo: A United Legend?.  Other than hundreds of Man Bag and hair grease manufacturers... http://is.gd/1f4Wf
Sat Jun 27 00:00:08 +0000 2009	48972340	Real Madrid is just a bunch of cry babies with loads of money... Proof yourselves and win something!!!
Sat Jun 27 00:01:16 +0000 2009	48864729	Real Madrid Star Gonzalo Higuain: I See Myself Playing In The World Cup: The Real Madrid striker is hopeful of e.. http://bit.ly/3D3jHI
Sat Jun 27 00:08:14 +0000 2009	36515024	Cristiano Ronaldo's world record £80m move from ManU to Real Madrid will complete on July 1. The bar has just raised to a whole new level
Sat Jun 27 00:22:55 +0000 2009	17066255	so after months/years of being on the front of every paper Ronaldo's move to real has finally gone through and under the radar
Sat Jun 27 00:31:51 +0000 2009	48864729	Allardyce Wants van Nistelrooy At Blackburn; Rules Out Michael Owen: Big Sam is hoping to lure the Real Madrid h.. http://bit.ly/10UaiP
Sat Jun 27 00:49:42 +0000 2009	40266514	#Premier_League: Ronaldo deal sealed. Real Madrid and Manchester United have finalised an agreement for the transfer... http://is.gd/1faBJ
Sat Jun 27 01:19:15 +0000 2009	49195520	Real Madrid makes Ronaldo the world&#39;s highest-paid player http://bit.ly/kGOW6
Sat Jun 27 01:35:48 +0000 2009	26484063	BBC EU: Ronaldo agrees six-year Real deal: Cristiano Ronaldo is set to complete his record move from Manc.. http://tinyurl.com/lfz2uw
Sat Jun 27 01:36:57 +0000 2009	44397948	31 Cristiano Ronaldo 33 Ed Westwick 29 Jensen Ackles 28 Ryan Phillippe 22 Josh Hartnett 26 Danny Dyer
Sat Jun 27 02:31:11 +0000 2009	48864729	Real Madrid On The Alert As Xabi Alonso Says His Liverpool Goodbyes: Los Blancos could finally be given a glimme.. http://bit.ly/D3iuf
Sat Jun 27 02:54:20 +0000 2009	47404266	ronaldo!! i'll miss u!!
Sat Jun 27 03:09:28 +0000 2009	41602830	Real make Ronaldo the world´s highest-paid player - http://bit.ly/nnoSX
